epoch,train_loss,valid_loss,accuracy,time
0,0.23944061994552612,0.32076480984687805,0.9128440618515015,00:13
